Polymer,SMILES,water_soluble,temp
Polyvinylpyrrolidone,C(C[*])([*])N1CCCC1=O,1,298.15
Poly(vinyl alcohol),C(C(O)[*])[*],1,298.15
Poly(acrylic acid),C(C([*])C(=O)O)[*],1,298.15
Polypropylene glycol,C(C(O[*])C)[*],1,298.15
Polyethylenimine,C(C[*])N[*],1,298.15
Polyethylenimine,C(C[*])N([*])CCN,1,298.15
Polyethylenimine,C(C[*])N([*])CCO,1,298.15
Polyallylamine,NCC(C[*])[*],1,298.15
Poly(ethylene-alt-maleic anhydride),C(CC1C(C(=O)OC1=O)[*])[*],1,298.15
Polyacrylamide,NC(=O)C(C[*])[*],1,298.15
Poly(2-(dimethylamino)ethyl methacrylate),C(C(C)([*])C(OCCN(C)C)=O)[*],1,298.15
Poly(methyl vinyl ether-alt-maleic anhydride),C(C(C1C(C(=O)OC1=O)[*])OC)[*],1,298.15
Poly(methyl vinyl ether-alt-maleic acid),OC(C(C(C(OC)C[*])C(O)=O)[*])=O,1,298.15
Poly(N-(2-hydroxypropyl)methacrylamide),C(C[*])(C(=O)NCC(C)O)(C)[*],1,298.15
Poly(methyl vinyl ether-alt-maleic acid monoethyl ester),CC(C[*])(C(=O)O)[*],1,298.15
Polyvinylpyrrolidone,C(C(N1CCCC1=O)[*])[*],1,298.15
Poly(ethylene oxide),C(CO[*])[*],1,298.15
Poly(maleic acid),C(C(=O)O)(C(C(=O)O)[*])[*],1,298.15
Poly(N-isopropylacrylamide),C(C(C(NC(C)C)=O)[*])[*],1,298.15
Poly(vinylphosphonic acid),C(C([P](O)(=C)O)[*])[*],1,298.15
Poly(4-styrenesulfonic acid) ammonium salt solution,[S](=O)(=O)(C1=CC=C(C=C1)C(C[*])[*])ON,1,298.15
Poly(2-acrylamido-2-methyl-1-propanesulfonic acid),CC(C)(C[S](O)(=O)=O)NC(=O)C(C[*])[*],1,298.15
Poly(4-styrenesulfonic acid),C1(=CC=C(C=C1)[S](=O)(=O)O)C(C[*])[*],1,298.15
Poly(allylamine hydrochloride),NCC(C[*])[*],1,298.15
Poly(vinylsulfonic acid),C(C([S](=O)(=O)O)[*])[*],1,298.15
Poly(2-vinylpyridine N-oxide),C(C(C1=[N](C=CC=C1)=O)[*])[*],1,298.15
Poly(methacrylic acid salt),CC(C[*])(C(=O)[O-])[*].[Na+],1,298.15
Poly(sodium 4-styrenesulfonate),C(C(C1=CC=C(C=C1)[S](=O)(=O)[O-])[*])[*].[Na+],1,298.15
Poly(2-hydroxyethyl methacrylate),C(C[*])(C(=O)OCCO)(C)[*],1,298.15
Cellulose acetate,C1(C(C(C(C(O1)OC2C(OC(C(C2O)COC(C)=O)[*])OC(C)=O)OC(C)=O)OC(C)=O)O[*])COC(C)=O,1,298.15
Epoxy,C1=C(C=CC(=C1)C(C2=CC=C(C=C2)OCC(C[*])O)(C)C)O[*],1,298.15
Furfuryl alcohol resin,C1(=CC=C(O1)C[*])[*],1,298.15
Hexamethoxymethyl melamine,COCN(COC)C1=NC(=NC(=N1)N(CO[*])COC)N(COC)C[*],1,298.15
Nylon 66,C(CCCCNC(=O)CCCCC(=O)[*])CN[*],1,298.15
Poly(4-hydroxystyrene),C(C([*])C1=CC=C(C=C1)O)[*],1,298.15
poly(N-butylacrylamide),*C(C*)C(=O)NCCCC,1,298.15
"poly(propane-1,2-diol)",*OC(C*)C,1,298.15
poly(hexano-6-lactam),*NC(=O)CCCCC*,1,298.15
poly(N-methylacrylamide),*C(C*)C(=O)NC,1,298.15
poly(N-ethylacrylamide),*C(C*)C(=O)NCC,1,298.15
poly(N-isopropylmethacrylamide),*C(C*)(C(=O)NC(C)C)C,1,298.15
"poly(N,N-diethylacrylamide)",*C(C*)C(=O)N(CC)CC,1,298.15
poly(N-isobutylacrylamide),*C(C*)C(=O)NCC(C)C,1,298.15
"poly[N-(2,2,2-trifluoroethyl)acrylamide]",*C(C*)C(=O)NCC(F)(F)F,1,298.15
poly[N-(hydroxymethyl)acrylamide],*C(C*)C(=O)NCO,1,298.15
poly(N-acetylacrylamide),*C(C*)C(=O)NC(=O)C,1,298.15
poly[N-(2-hydroxyethyl)acrylamide],*C(C*)C(=O)NCCO,1,298.15
Poly(2-acrylamido-2-methylpropanesulfonic acid sodium salt),CC(C)(C[S](=O)(=O)[O-])NC(=O)C(C[*])[*].[Na+],1,298.15
"Poly(N,N-diethyl acrylamide)",[*]C(C[*])C(=O)N(CC)CC,1,298.15
Poly(N-isopropyl acrylamide),[*]C(C[*])C(=O)NC(C)C,1,298.15
"Poly(N,N-dimethyl acrylamide)",[*]C(C[*])C(=O)N(C)C,1,298.15
"Poly(N,N-dimethylaminopropyl acrylamide)",[*]C(C[*])C(=O)NCCCN(C)C,1,298.15
Poly(N-phenethyl methacrylamide),[*]C(C[*])C(=O)NCCC1=CC=CC=C1,1,298.15
Poly(acrylic acid sodium salt),[*]CC(C(=O)[O-])[*].[Na+],1,298.15
Poly(α-ethylacrylic acid),[*]CC(CC)(C(=O)O)[*],1,298.15
Poly(methacrylic acid sodium salt),[*]CC(C(=O)[O-])([*])C.[Na+],1,298.15
Poly(α-propylacrylic acid),[*]CC(CCC)(C(=O)O)[*],1,298.15
Poly(4-styrene sulfonic acid cesium salt),[*]CC(C1=CC=C(C=C1)[S](=O)(=O)[O-])[*].[Cs+],1,298.15
Poly(N-vinyl acetamide),C(C(NC(C)=O)[*])[*],1,298.15
Poly(N-vinyl formamide),C(C(NC(C)=O)[*])[*],1,298.15
Poly(N-vinyl isobutyramide),C(C(NC(=O)C(C)C)[*])[*],1,298.15
Poly(2-vinyl pyrazine),C(C([*])C1=NC=CN=C1)[*],1,298.15
Poly(3-(Acrylamido)phenylboronic acid),C(C([*])C(NC1=CC=CC(=C1)B(O)O)=O)[*],1,298.15
Poly(ethylene imine),C(N[*])C[*],1,298.15
Poly(L-histidine),[*]N[C@H](CC1=CN=C[N]1)C(=O)[*],1,298.15
Poly(L-proline),C([*])([C@H]1CCCN1[*])=O,1,298.15
poly[2-(methylcarbamoyl)styrene],*CC(*)c1ccccc1C(=O)NC,1,298.15
poly[2-(dimethylcarbamoyl)styrene],*CC(*)c1ccccc1C(=O)N(C)C,1,298.15
poly(methacrylic acid),*CC(*)(C)C(=O)O,1,298.15
poly(sodium acrylate),*CC(*)C(=O)O[Na],1,298.15
hydroxypropyl cellulose,OC(O[*])C1=C(O)C(=NC2=CC=CC=C12)C1=CC=CC=C1[*],1,298.15
poly(methacrylamide),C=C(N)C(C)(C[*])[*],1,298.15
poly(N -acryloylpyrrolidine) ,CC(C)NC(=O)C(C[*])[*],1,298.15
"poly(N,N-dimethylacrylamide) ",CN(C)C(=O)C(C[*])[*],1,298.15
poly(N-ethylacrylamide) ,[*]CC([*])C(=O)NCC,1,298.15
poly(N-vinyl pyrrolidone),O=C1CCCN1C(C[*])[*],1,298.15
Polyacrylonitrile,C(C([*])C#N)[*],0,298.15
Polytetrafluoroethylene,FC(F)(C(F)(F)[*])[*],0,298.15
Poly(ethylene terephthalate),C(=O)(C1=CC=C(C=C1)C(OCCO[*])=O)[*],0,298.15
Polystyrene,C1(=CC=CC=C1)C(C[*])[*],0,298.15
Poly(propylene carbonate),C(COC(O[*])=O)(C)[*],0,298.15
Poly(vinyl acetate),C(C(OC(C)=O)[*])[*],0,298.15
Polyethylene,*C*,0,298.15
Polypropylene,C(C(C)[*])[*],0,298.15
Poly(vinyl chloride),C(C(Cl)[*])[*],0,298.15
Poly(tetrahydrofuran),C(CCCO[*])[*],0,298.15
Polyisoprene,C(C=C(C[*])C)[*],0,298.15
Poly(Bisphenol A carbonate),CC(C)(C1=CC=C(C=C1)OC(=O)[*])C2=CC=C(C=C2)O[*],0,298.15
Polyisobutylene,C(C(C)(C)[*])[*],0,298.15
"Poly(1,4-butylene adipate)",C(CCCOC(CCCCC([*])=O)=O)O[*],0,298.15
Polybutadiene,C(C=CC[*])[*],0,298.15
Polyetherimide,C1(=CC(=CC=C1)[*])N3C(=O)C2=CC(=CC=C2C3=O)OC4=CC=C(C=C4)C(C)(C)C5=CC=C(C=C5)OC6=CC=C7C(=C6)C(=O)N(C7=O)[*],0,298.15
Poly(1-decene),C(C(CCCCCCCC)[*])[*],0,298.15
Poly(isobutylene-alt-maleic anhydride),C1(C(C(C(=O)O1)[*])C(C)(C)C[*])=O,0,298.15
Poly(butyl acrylate),CCCCOC(=O)C(C[*])[*],0,298.15
Poly(methyl acrylate),COC(=O)C(C[*])[*],0,298.15
"Poly(1,4-butylene terephthalate)",C1=CC(=CC=C1C(=O)[*])C(OCCCCO[*])=O,0,298.15
Poly(ethyl acrylate),CCOC(=O)C(C[*])[*],0,298.15
Poly(chlorotrifluoroethylene),FC(F)(C(F)(Cl)[*])[*],0,298.15
Poly(2-ethylhexyl acrylate),C(C(C(=O)OCC(CCCC)CC)[*])[*],0,298.15
Poly(vinyl cinnamate),C(C(OC(=O)C=CC1=CC=CC=C1)[*])[*],0,298.15
Poly(4-methyl-1-pentene),CC(C)CC(C[*])[*],0,298.15
Poly(4-methylstyrene),CC1=CC=C(C=C1)C(C[*])[*],0,298.15
Poly(vinyl methyl ketone),C(C(C(C)=O)[*])[*],0,298.15
Poly(4-chlorostyrene),C1(=CC=C(C=C1)Cl)C(C[*])[*],0,298.15
Polyvinylcyclohexane,C1(CCCCC1)C(C[*])[*],0,298.15
Polyacenaphthylene,C13=CC=CC2=C1C(=CC=C2)C(C3[*])[*],0,298.15
PDPP3T,CCCCCCCCC(CCCCCC)CN4C(=O)C3=C(C2=CC=C(C1=CC=C(S1)[*])S2)N(CC(CCCCCC)CCCCCCCC)C(=O)C3=C4C5=CC=C(S5)[*],0,298.15
Poly(methyl methacrylate) ,C(C(C)(C(=O)OC)[*])[*],0,298.15
Poly(ethyl methacrylate),CCOC(=O)C(C)(C[*])[*],0,298.15
Polyoxymethylene,C([*])O[*],0,298.15
Polycarbonate,O(C1=CC=C(C=C1)C(C)(C)C2=CC=C(C=C2)OC(=O)[*])[*],0,298.15
Polycaprolactone,C(CCCCC(=O)O[*])[*],0,298.15
Poly(p-phenylene oxide),O(C1=C(C=C(C=C1C)[*])C)[*],0,298.15
Polypropylene glycol,C(C(C)O[*])[*],0,298.15
"Polylactic acid, polylactide",O(C(=O)C(C)[*])[*],0,298.15
Polyurethane,C(C1=CC=C(C=C1)NC(=O)[*])C2=CC=C(C=C2)NC(=O)OC(C)(C)C(C)(C)O[*],0,298.15
Polysulfones,O(C1=CC=C(C=C1)[S](=O)(=O)C2=CC=C(C=C2)OC3=CC=C(C=C3)C(C)(C)C4=CC=C(C=C4)[*])[*],0,298.15
Polyethersulfone,O(C1=CC=C(C=C1)[S](=O)(=O)C2=CC=C(C=C2)[*])[*],0,298.15
Poly(2-vinylpyridine),C(C(C1=NC=CC=C1)[*])[*],0,298.15
Poly(4-vinylpyridine),C(C(C1=CC=NC=C1)[*])[*],0,298.15
Polysilicone,[Si](C)(C)(O[*])[*],0,298.15
Poly(butyl methacrylate),C(C(C(=O)OCCC)(C)[*])[*],0,298.15
Cellulose nitrate,O(C2OC(CO[N+](=O)[O-])C(OC1OC(CO[N+](=O)[O-])C(O[*])C(O)C1O[N+](=O)[O-])C(O)C2O[N+](=O)[O-])[*],0,298.15
Poly(4-acetoxystyrene),C(C([*])C1=CC=C(C=C1)OC(C)=O)[*],0,298.15
Poly(p-benzamide),C1=CC(=CC=C1C(O[*])=O)N([*])CC(CCCC)CC,0,298.15
"PoIy(3,3-dimethyl oxetane)",[*]OCCC(C)(C)[*],0,298.15
"Poly(3,3-diethyl oxetane)",[*]OCCC(CC)(CC)[*],0,298.15
Poly(oxetane),C(CC[*])O[*],0,298.15
cis-polybutadiene,[*]C=CCC[*],0,298.15
poly[4-(acetyloxy)styrene],*C(C*)c1ccc(cc1)OC(=O)C,0,298.15
poly(vinylidene fluoride),*C(C*)(F)F,0,298.15
polychloroprene,*C(=CCC*)Cl,0,298.15
"cis-1,4-polyisoprene",*/C(=C\CC*)/C,0,298.15
"poly[(ethylenedioxy)diethylene 4,4'-dibenzoate]",*OC(=O)c1ccc(cc1)c1ccc(cc1)C(=O)OCCOCCOCC*,0,298.15
"poly(oxydiethylene 4,4'-dibenzoate)",*OC(=O)c1ccc(cc1)c1ccc(cc1)C(=O)OCCOCC*,0,298.15
poly(ethylene adipate),*OC(=O)CCCCC(=O)OCC*,0,298.15
poly[(p-phenylenediamine)-alt-(terephthalic acid)],*Nc1ccc(cc1)NC(=O)c1ccc(cc1)C(=O)*,0,298.15
poly(p-aminobenzoic acid),*Nc1ccc(cc1)C(=O)*,0,298.15
"poly(alpha,4-diacetoxystyrene)",*C(C*)(c1ccc(cc1)OC(=O)C)OC(=O)C,0,298.15
poly[alpha-acetoxy-4-(methoxycarbonyloxy)styrene],*C(C*)(c1ccc(cc1)OC(=O)OC)OC(=O)C,0,298.15
poly[alpha-acetoxy-4-(propionyloxy)styrene],*C(C*)(c1ccc(cc1)OC(=O)CC)OC(=O)C,0,298.15
poly[alpha-acetoxy-4-(butyryloxy)styrene],*C(C*)(c1ccc(cc1)OC(=O)CCC)OC(=O)C,0,298.15
"poly[(alpha,4-diacetoxystyrene)-alt-(2-methylidenepropanedinitrile)]",*C(CC(C*)(c1ccc(cc1)OC(=O)C)OC(=O)C)(C#N)C#N,0,298.15
poly({alpha-acetoxy-4-[(methoxycarbonyl)oxy]styrene}-alt-(2-methylidenepropanedinitrile)),*C(CC(C*)(c1ccc(cc1)OC(=O)OC)OC(=O)C)(C#N)C#N,0,298.15
poly{[alpha-acetoxy-4-(propionyloxy)styrene]-alt-(2-methylidenepropanedinitrile)},*C(CC(C*)(c1ccc(cc1)OC(=O)CC)OC(=O)C)(C#N)C#N,0,298.15
poly{[alpha-acetoxy-4-(butyryloxy)styrene]-alt-(2-methylidenepropanedinitrile)},*C(CC(C*)(c1ccc(cc1)OC(=O)CCC)OC(=O)C)(C#N)C#N,0,298.15
poly[(p-acetoxystyrene)-alt-(2-methylidenepropanedinitrile)],*C(CC(C*)c1ccc(cc1)OC(=O)C)(C#N)C#N,0,298.15
poly[(p-fluorostyrene)-alt-(2-methylidenepropanedinitrile)],*C(CC(C*)c1ccc(cc1)F)(C#N)C#N,0,298.15
poly[(p-chlorostyrene)-alt-(2-methylidenepropanedinitrile)],*C(CC(C*)c1ccc(cc1)Cl)(C#N)C#N,0,298.15
poly{[4-(chloromethyl)styrene]-alt-(2-methylidenepropanedinitrile)},*C(CC(C*)c1ccc(cc1)CCl)(C#N)C#N,0,298.15
"poly[oxytetraquis(ethylene oxide) p,p'-bibenzoate]",*OC(=O)c1ccc(cc1)c1ccc(cc1)C(=O)OCCOCCOCCOCC*,0,298.15
polyaniline,*Nc1ccc(cc1)*,0,298.15
Poly(n-butyl acrylate),C(C(C(=O)OCCCC)[*])[*],0,298.15
Poly(tert-butyl acrylate),C(C(C(=O)OC(C)(C)C)[*])[*],0,298.15
Poly(3-hydroxypropyl acrylate),C(C(C(=O)OCCCO)[*])[*],0,298.15
Poly(isopropyl acrylate),C(C(C(=O)OC(C)C)[*])[*],0,298.15
Poly(2-methoxyethyl acrylate),C(C(C(=O)OCCOC)[*])[*],0,298.15
Poly(neopentyl acrylate),C(C(C(=O)OCC(C)(C)C)[*])[*],0,298.15
Poly(n-nonyl acrylate),C(C(C(=O)OCCCCCCCCC)[*])[*],0,298.15
Poly(n-octyl acrylate),C(C(C(=O)OCCCCCCCC)[*])[*],0,298.15
"Poly(methyl 2,4-dimethylpenta-2,4-dienoate)",[*]C(C)(C(=O)OC)C=C(C[*])C,0,298.15
"Poly(2,2,3,3,3-pentafluoropropyl methacrylate)",C(C(C(=O)OCC(C(F)(F)F)(F)F)([*])C)[*],0,298.15
"Poly(2,2,3,3,4,4,4-heptafluorobutyl methacrylate)",C(C(C(=O)OCC(C(F)(F)C(F)(F)F)(F)F)([*])C)[*],0,298.15
Poly(2-[perfluorobutyl]ethyl methacrylate),C(C(C(=O)OCC(C(F)(F)C(F)(F)C(F)(F)F)(F)F)([*])C)[*],0,298.15
Poly(1-adamantyl methacrylate),[*]CC(C)(C(=O)OC12CC3CC(C1)CC(C2)C3)[*],0,298.15
Poly(2-(tert-Butylamino)ethyl methacrylate),[*]CC(C)(C(=O)OCCNC(C)(C)C)[*],0,298.15
Poly(iso-butyl methacrylate),[*]CC(C)(C(=O)OCC(C)C)[*],0,298.15
"Poly(n-butyl methacrylate), atactic",[*]CC(C)(C(=O)OCCCC)[*],0,298.15
Poly(sec-butyl methacrylate),[*]CC(C)(C(=O)OC(CC)C)[*],0,298.15
"Poly(tert-butyl methacrylate), atactic",[*]CC(C)(C(=O)OC(C)(C)C)[*],0,298.15
Poly(6-[4'-cyanobiphenyl-4-yloxy]-hexyl methacrylate),[*]CC(C)(C(=O)OCCCCCCOC1=CC=C(C=C1)C2=CC=C(C=C2)CN)[*],0,298.15
Poly(11-[4-(4'-butylphenylazo)phenoxy]-undecyl methacrylate),[*]CC(C)(C(=O)OCCCCCCCCCOC1=CC=C(C=C1)N=NC2=CC=C(C=C2)CCCC)[*],0,298.15
Poly(cyclohexyl methacrylate),C(C([*])(C)C(=O)OC1CCCCC1)[*],0,298.15
"Poly(N,N-diisopropylaminoethyl methacrylate)",C(C([*])(C)C(=O)OCCN(C(C)C)C(C)C)[*],0,298.15
"Poly(N,N-dimethylaminoethyl methacrylate)",C(C([*])(C)C(=O)OCCN(C)C)[*],0,298.15
Poly(glycidyl methacrylate),[*]C(C)(C(=O)OCC1CO1)C[*],0,298.15
Poly(n-hexyl methacrylate),[*]C(C)(C(=O)OCCCCCC)C[*],0,298.15
Poly(2-hydroxypropyl methacrylate),[*]C(C)(C(=O)OCC(C)O)C[*],0,298.15
Poly(isobornyl methacrylate),[*]C(C)(C(=O)OC1C2(CCC(C1)C2(C)C)C)C[*],0,298.15
Poly(2-isocyanatoethyl methacrylate),[*]C(C)(C(=O)OCCN=C=O)C[*],0,298.15
Poly(lauryl methacrylate),[*]C(C)(C(=O)OCCCCCCCCCCC)C[*],0,298.15
Poly(methacrylaldehyde),C(C(C)(C=O)[*])[*],0,298.15
Poly(2-methoxyethyl methacrylate),[*]C(C)(C(=O)OCCOC)C[*],0,298.15
Poly(neopentyl methacrylate),[*]C(C)(C(=O)OCC(C)(C)C)C[*],0,298.15
Poly(n-nonyl methacrylate),[*]C(C)(C(=O)OCCCCCCCCCCC)C[*],0,298.15
Poly(octadecyl methacrylate),[*]C(C)(C(=O)OCCCCCCCCCCCCCCCCCC)C[*],0,298.15
Poly(n-octyl methacrylate),[*]C(C)(C(=O)OCCCCCCCC)C[*],0,298.15
Poly(n-propyl methacrylate),[*]C(C)(C(=O)OCCC)C[*],0,298.15
Poly(solketal methacrylate),[*]C(C)(C(=O)OCC1COC(C)(O1)C)C[*],0,298.15
Poly(tetrohydrofurfuryl methacrylate),[*]C(C)(C(=O)OCC1COCC1)C[*],0,298.15
"Poly(2,2,2-trifluoroethyl methacrylate)",[*]C(C)(C(=O)OCC(F)(F)F)C[*],0,298.15
Poly(trimethylsiloxy-2-ethyl methacrylate),[*]C(C)(C(=O)OCCO[Si](C)(C)C)C[*],0,298.15
Poly(benzyl α-ethylacrylate),[*]C(C)(C(=O)OCC1=CC=CC=C1)C[*],0,298.15
Poly(benzyl α-propylacrylate),[*]C(CC)(C(=O)OCC1=CC=CC=C1)C[*],0,298.15
Poly(tert-butyl α-bromoacrylate),[*]C(Br)(C(=O)OC(C)(C)C)C[*],0,298.15
Poly(tert-butyl α-ethylacrylate),[*]C(CC)(C(=O)OC(C)(C)C)C[*],0,298.15
Poly(tert-butyl α-propylacrylate),[*]C(CCC)(C(=O)OC(C)(C)C)C[*],0,298.15
Poly(ethyl α-ethylacrylate),[*]C(CC)(C(=O)OCC)C[*],0,298.15
Poly(ethyl α-propylacrylate),[*]C(CCC)(C(=O)OCC)C[*],0,298.15
Poly(methyl α-bromoacrylate),[*]C(Br)(C(=O)OC)C[*],0,298.15
"Poly(1,2-butadiene)",[*]CC(C=C)[*],0,298.15
"Poly(1,4-butadiene)",[*]CC=CC[*],0,298.15
"Poly(1,4-cyclohexadiene)",C1(CCC(C=C1)[*])[*],0,298.15
"Poly(1,4-farnesene)",C(C=C(C[*])CCC=C(CCC=C(C)C)C)[*],0,298.15
"Poly(1,4-isoprene)",[*]CC=C(C)C[*],0,298.15
Poly(N-vinyl imidazole),[*]CC(C1=CN=C[N]1)[*],0,298.15
Poly(4-vinyl imidazole),[*]CC(C1=CN=C[N]1)[*],0,298.15
Poly(ε-caprolactone),[*]C(=O)CCCCCCO[*],0,298.15
Poly(4-methyl-ε-caprolactone),[*]C(=O)CCC(CCCO[*])C,0,298.15
Poly(D-lactide),C(C([*])C)([*])=O,0,298.15
Poly(δ-valerolactone),[*]C(=O)CCCCO[*],0,298.15
Poly(ethylene propylene),C(C(CC[*])C)[*],0,298.15
Poly(isobutylene),C(C[*])(C)(C)[*],0,298.15
Poly(propylene glycol),C(C(O[*])C)[*],0,298.15
"Poly(2,6-dimethyl-1,4-phenylene oxide)",[*]C1=CC(=C(C(=C1)C)O[*])C,0,298.15
Poly(2-isopropenyl pyridine),[*]C(C)(C1=CC=CN=C1)C[*],0,298.15
"Poly(2,5-pyridine)",C1=CC(=CN=C1[*])[*],0,298.15
"Poly(3,5-pyridine)",C1(=CC(=CN=C1)[*])[*],0,298.15
Poly(2-vinyl pyridine),C1=CC=CN=C1C(C[*])[*],0,298.15
Poly(4-vinyl pyridine),C1=CN=CC=C1C(C[*])[*],0,298.15
Poly(acryloxypropyl methyl siloxane),[*][Si](C)(O[*])CCCOC(=O)C=C,0,298.15
Poly(diethyl siloxane),[Si](O[*])(CC)(CC)[*],0,298.15
Poly(ethyl methyl siloxane),[Si](O[*])(C)(CC)[*],0,298.15
"Poly(dimethyl siloxane), α,ω-bis(silanol)-terminated",[Si](O[*])(C)(C)[*],0,298.15
Poly(phenyl methyl siloxane),[Si](O[*])(C)([*])C1=CC=CC=C1,0,298.15
Poly(3-bromostyrene),[*]CC([*])C1=CC=CC(=C1)Br,0,298.15
Poly(4-bromostyrene),[*]CC([*])C1=CC=C(C=C1)Br,0,298.15
Poly(2-chlorostyrene),[*]CC([*])C1=CC=CC=C1Cl,0,298.15
Poly(3-chlorostyrene),[*]CC([*])C1=CC=CC(=C1)Cl,0,298.15
Poly(4-chlorostyrene),[*]CC([*])C1=CC=C(C=C1)Cl,0,298.15
Poly(4-fluorostyrene),[*]CC([*])C1=CC=C(C=C1)F,0,298.15
Poly(pentafluorostyrene),[*]CC([*])C1=C(C(=C(C(=C1F)F)F)F)F,0,298.15
Poly(4-dimethylsilyl styrene),[*]CC(C1=CC=C(C=C1)[Si](C)C)[*],0,298.15
Poly(α-methyl styrene),[*]CC(C1=CC=CC=C1)([*])C,0,298.15
Poly(4-methyl styrene),[*]CC(C1=CC=C(C=C1)C)[*],0,298.15
Poly(4-methoxystyrene),[*]CC(C1=CC=C(C=C1)OC)[*],0,298.15
Poly(4-[tert-butoxycarbonyl]oxy-styrene),[*]CC(C1=CC=C(C=C1)OC(=O)OC(C)(C)C)[*],0,298.15
Poly(4-tert-butyl styrene),[*]CC(C1=CC=C(C=C1)C(C)(C)C)[*],0,298.15
"Poly(4-[N,N-di(trimethylsilyl)aminomethyl]-styrene)",[*]CC(C1=CC=C(C=C1)CN([Si](C)(C)C)[Si](C)(C)C)[*],0,298.15
Poly(n-butyl 4-vinylbenzoate),[*]CC(C1=CC=C(C=C1)C(=O)OCCC)[*],0,298.15
Poly(tert-butyl 4-vinylbenzoate),[*]CC(C1=CC=C(C=C1)C(=O)OC(C)(C)C)[*],0,298.15
Poly(2-ethylhexyl 4-vinylbenzoate),[*]CC(C1=CC=C(C=C1)C(=O)OCC(CC)CCCC)[*],0,298.15
Poly(methyl 4-vinylbenzoate),[*]CC(C1=CC=C(C=C1)C(=O)OC)[*],0,298.15
Poly(4-vinylbenzyl-N-methylphthalimide),[*]CC(C1=CC=C(C=C1)CN3C(=O)C2=C(C=CC=C2)C3=O)[*],0,298.15
Poly(vinyl cyclohexane),C1(CCCCC1)C(C[*])[*],0,298.15
Poly(1-vinyl anthracene),[*]CC([*])C1=CC=CC2=C1C=C3C(=C2)C=CC=C3,0,298.15
Poly(2-vinyl anthrecene),[*]CC(C1=CC2=C(C=C1)C=C3C(=C2)C=CC=C3)[*],0,298.15
Poly(9-vinyl anthracene),C1=CC2=C(C=C1)C(=C3C(=C2C[*])C=CC=C3)[*],0,298.15
Poly(4-vinyl biphenyl),[*]CC(C1=CC=C(C=C1)C2=CC=CC=C2)[*],0,298.15
Poly(9-vinyl phenanthrene),[*]CC(C2=C1C=CC=CC1=C3C(=C2)CCC=C3)[*],0,298.15
Poly(2-vinyl naphthalene),[*]CC(C1=CC=C2C(=C1)C=CC=C2)[*],0,298.15
Poly(adipic anhydride),[*]OC(=O)CCCCC(=O)O[*],0,298.15
Polyconidine,[*]N1CCCCC1CC[*],0,298.15
Poly(α-methyleneindane),C1=CC=CC2=C1C(CC2)(C[*])[*],0,298.15
Poly(2-methyl oxazoline),[*]N(C(=O)C)CC[*],0,298.15
Poly(trimethylene carbonate),[*]C(=O)OCCO[*],0,298.15
Poly(1-trimethylsilyl-1-propyne),C(=C(\[*])[Si](C)(C)C)(C)/[*],0,298.15
Poly(N-vinyl carbazole),[*]CC(N2C1C=CC=CC1C3=CC=CC=C23)[*],0,298.15
Poly(vinylidene fluoride),[*]CC(F)(F)[*],0,298.15
poly(prop-1-ene),*CC(*)C,0,298.15
poly(but-1-ene),*CC(*)CC,0,298.15
poly(pent-1-ene),*CC(*)CCC,0,298.15
poly(3-methylbut-1-ene),*CC(*)C(C)C,0,298.15
poly(hex-1-ene),*CC(*)CCCC,0,298.15
poly(4-methylpent-1-ene),*CC(*)CC(C)C,0,298.15
poly(hept-1-ene),*CC(*)CCCCC,0,298.15
poly(5-methylhex-1-ene),*CC(*)CCC(C)C,0,298.15
poly(5-methylhept-1-ene),*CC(*)CCC(C)CC,0,298.15
poly(non-1-ene),*CC(*)CCCCCCC,0,298.15
poly(dec-1-ene),*CC(*)CCCCCCCC,0,298.15
poly(2-methylprop-1-ene),*CC(*)(C)C,0,298.15
poly(2-methylbut-1-ene),*CC(*)(C)CC,0,298.15
poly(3-methylbut-1-ene),*CCC(*)(C)C,0,298.15
"poly(1,1,2-trimethylcyclopropane)",*CC(C)C(*)(C)C,0,298.15
poly(4-methylpent-1-ene),*CCCC(*)(C)C,0,298.15
poly(4-methylhex-1-ene),*CCCC(*)(C)CC,0,298.15
poly(3-methylcyclooctene),*CCCCCCCC(*)C,0,298.15
poly(vinylcyclopropane),*CC(*)C1CC1,0,298.15
poly(vinylcyclobutane),*CC(*)C1CCC1,0,298.15
poly(vinylcyclopentane),*CC(*)C1CCCC1,0,298.15
poly(allylcyclopentane),*CC(*)CC1CCCC1,0,298.15
poly(vinylcyclohexane),*CC(*)C1CCCCC1,0,298.15
poly(allylcyclohexane),*CC(*)CC1CCCCC1,0,298.15
poly(3-phenylprop-1-ene),*CC(*)Cc1ccccc1,0,298.15
poly(4-phenylbut-1-ene),*CC(*)CCc1ccccc1,0,298.15
poly(3-phenylbut-1-ene),*CC(*)C(C)c1ccccc1,0,298.15
"poly(hexa-1,5-diene)",*CC1CCC(*)C1,0,298.15
poly(oct-1-ene),*CC(*)CCCCCC,0,298.15
poly(dodec-1-ene),*CC(*)CCCCCCCCCC,0,298.15
poly(tetradec-1-ene),*CC(*)CCCCCCCCCCCC,0,298.15
poly(octadec-1-ene),*CC(*)CCCCCCCCCCCCCCCC,0,298.15
poly(6-methylhept-1-ene),*CC(*)CCCC(C)C,0,298.15
poly(3-methylpent-1-ene),*CC(*)C(C)CC,0,298.15
poly(3-ethylpent-1-ene),*CC(*)C(CC)CC,0,298.15
poly(4-ethylhex-1-ene),*CC(*)CC(CC)CC,0,298.15
poly(4-methylhex-1-ene),*CC(*)CC(C)CC,0,298.15
"poly(4,4-dimethylpent-1-ene)",*CC(*)CC(C)(C)C,0,298.15
"poly(4,4-dimethylhex-1-ene)",*CC(*)CC(C)(C)CC,0,298.15
"poly(6,6-dimethylhept-1-ene)",*CC(*)CCCC(C)(C)C,0,298.15
poly(4-cyclohexylbut-1-ene),*CC(*)CCC1CCCCC1,0,298.15
poly(5-cyclohexylpent-1-ene),*CC(*)CCCC1CCCCC1,0,298.15
poly(4-methyl-1-methylidenecyclohexane),*CC1(*)CCC(C)CC1,0,298.15
poly(2-methylpent-1-ene),*CC(*)(C)CCC,0,298.15
poly(cyclopentene),*/C=C/CCC*,0,298.15
trans-polybutadiene,*/C=C/CC*,0,298.15
cis-polybutadiene,*/C=C/CC*,0,298.15
"1,4-poly(buta-1,3-diene)",*/C=C/CC*,0,298.15
polydiazoethane,*C(*)C,0,298.15
trans-polyacetylene,*/C=C/*,0,298.15
poly[(but-2-ene)-alt-ethylene],*CCC(C)C(*)C,0,298.15
poly(cyclopentene-alt-ethene),*CCC1CCCC1*,0,298.15
poly(cyclodecene),*/C=C/CCCCCCCC*,0,298.15
poly(docos-1-ene),*CC(*)CCCCCCCCCCCCCCCCCCCC,0,298.15
poly(trans-cyclododecene),*/C=C/CCCCCCCCCC*,0,298.15
poly(hexadec-1-ene),*CC(*)CCCCCCCCCCCCCC,0,298.15
poly(cyclooctene),*/C=C/CCCCCC*,0,298.15
trans-polycyclopentene,*/C=C/CCC*,0,298.15
"poly(3,3-dimethylbut-1-ene)",*CC(*)C(C)(C)C,0,298.15
polycyclohexene,*/C=C/CCCC*,0,298.15
poly(pentadec-1-ene),*CC(*)CCCCCCCCCCCCC,0,298.15
poly(hex-3-ene),*C(*)CC,0,298.15
poly(tridec-1-ene),*CC(*)CCCCCCCCCCC,0,298.15
poly(undec-1-ene),*CC(*)CCCCCCCCC,0,298.15
poly[methyl(3-vinyl)cyclohexane],*CC(*)C1CCCC(C)C1,0,298.15
poly[methyl(4-vinyl)cyclohexane],*CC(*)C1CCC(C)CC1,0,298.15
poly(4-vinylcyclohex-1-ene),*CC(*)C1CC=CCC1,0,298.15
"1,4-poly(2-heptylbuta-1,3-diene)",*CC/C=C(/*)CCCCCCC,0,298.15
"1,4-poly(2-isopropylbuta-1,3-diene)",*CC/C=C(/*)C(C)C,0,298.15
polycyclopentene,*/C=C/CCC*,0,298.15
"poly(5,5-dimethylhex-1-ene)",*CC(*)CCC(C)(C)C,0,298.15
poly(cyclobutene),*C1CCC1*,0,298.15
cis-polyacetylene,*/C=C/*,0,298.15
polycycloheptene,*/C=C/CCCCC*,0,298.15
poly(bicyclo[2.2.1]hept-2-ene),*/C=C/C1CCC(*)C1,0,298.15
"trans-1,4-poly(5-methylhepta-1,3-diene)",*/C=C/C(C*)C(C)CC,0,298.15
"1,4-poly(1-propylbuta-1,3-diene)",*CC/C=C(/*)CCC,0,298.15
poly(cyclododecene),*/C=C/CCCCCCCCCC*,0,298.15
polyacetylene,*/C=C/*,0,298.15
poly(methylenecyclohexane),*CC1(*)CCCCC1,0,298.15
poly(3-methylcyclooctene),*/C=C/C(C)CCCCC*,0,298.15
"cis-1,4-poly(2-tert-butyl-1,3-butadiene)",*CC/C=C(/*)C(C)(C)C,0,298.15
poly(2-methylstyrene),*CC(*)c1ccccc1C,0,298.15
poly(2-ethylstyrene),*CC(*)c1ccccc1CC,0,298.15
poly[2-(propoxymethyl)styrene],*CC(*)c1ccccc1COCCC,0,298.15
poly[2-(methoxymethyl)styrene],*CC(*)c1ccccc1COC,0,298.15
poly(2-ethoxymethylstyrene),*CC(*)c1ccccc1COCC,0,298.15
poly[2-(propoxymethyl)styrene],*CC(*)c1ccccc1COCCC,0,298.15
poly[2-(isopropoxymethyl)styrene],*CC(*)c1ccccc1COC(C)C,0,298.15
poly[2-(butoxymethyl)styrene],*CC(*)c1ccccc1COCCCC,0,298.15
poly{2-[(pentyloxy)methyl]styrene},*CC(*)c1ccccc1COCCCCC,0,298.15
poly{2-[(isopentyloxy)methyl]styrene},*CC(*)c1ccccc1COCCC(C)C,0,298.15
poly{2-[(benzyloxy)methyl]styrene},*CC(*)c1ccccc1COCc1ccccc1,0,298.15
poly{2-[(phenethyloxy)methyl]styrene},*CC(*)c1ccccc1COCCc1ccccc1,0,298.15
poly(2-chlorostyrene),*CC(*)c1ccccc1Cl,0,298.15
poly(2-fluorostyrene),*CC(*)c1ccccc1F,0,298.15
poly(3-methylstyrene),*CC(*)c1cccc(C)c1,0,298.15
poly(3-ethylstyrene),*CC(*)c1cccc(CC)c1,0,298.15
"poly(3-vinyl-1,1':4',1''-terphenyl)",*CC(*)c1cccc(-c2ccc(-c3ccccc3)cc2)c1,0,298.15
poly(3-chlorostyrene),*CC(*)c1cccc(Cl)c1,0,298.15
poly(3-fluorostyrene),*CC(*)c1cccc(F)c1,0,298.15
poly(4-methylstyrene),*CC(*)c1ccc(C)cc1,0,298.15
poly(4-ethylstyrene),*CC(*)c1ccc(CC)cc1,0,298.15
poly(4-isopropylstyrene),*CC(*)c1ccc(C(C)C)cc1,0,298.15
poly(4-butylstyrene),*CC(*)c1ccc(CCCC)cc1,0,298.15
poly(4-tert-butylstyrene),*CC(*)c1ccc(C(C)(C)C)cc1,0,298.15
poly(4-sec-butylstyrene),*CC(*)c1ccc(C(C)CC)cc1,0,298.15
poly(4-hexylstyrene),*CC(*)c1ccc(CCCCCC)cc1,0,298.15
poly(4-octylstyrene),*CC(*)c1ccc(CCCCCCCC)cc1,0,298.15
poly(4-nonylstyrene),*CC(*)c1ccc(CCCCCCCCC)cc1,0,298.15
poly(4-decylstyrene),*CC(*)c1ccc(CCCCCCCCCC)cc1,0,298.15
poly(4-dodecylstyrene),*CC(*)c1ccc(CCCCCCCCCCCC)cc1,0,298.15
poly(4-tetradecylstyrene),*CC(*)c1ccc(CCCCCCCCCCCCCC)cc1,0,298.15
poly(4-hexadecylstyrene),*CC(*)c1ccc(CCCCCCCCCCCCCCCC)cc1,0,298.15
poly(4-octadecylstyrene),*CC(*)c1ccc(CCCCCCCCCCCCCCCCCC)cc1,0,298.15
poly(4-phenylstyrene),*CC(*)c1ccc(-c2ccccc2)cc1,0,298.15
poly(4-chlorostyrene),*CC(*)c1ccc(Cl)cc1,0,298.15
poly(4-bromostyrene),*CC(*)c1ccc(Br)cc1,0,298.15
poly(vinyl fluoride),*CC(*)F,0,298.15
poly(vinyl chloride),*CC(*)Cl,0,298.15
poly(vinylidene fluoride),*CC(*)(F)F,0,298.15
poly(vinylidene chloride),*CC(*)(Cl)Cl,0,298.15
"poly(1,1,2-trifluoroethene)",*C(F)C(*)(F)F,0,298.15
poly(tetrafluoroethylene),*C(*)(F)F,0,298.15
polychlorotrifluoroethylene,*C(F)(F)C(*)(F)Cl,0,298.15
polychloroprene,*CC/C=C(/*)Cl,0,298.15
"poly(1,2-difluoroethene)",*C(*)F,0,298.15
"poly(2,3,3,3-tetrafluoroprop-1-ene)",*CC(*)(F)C(F)(F)F,0,298.15
"poly(1,1,2,3,3,3-hexafluoroprop-1-ene)",*C(F)(F)C(*)(F)C(F)(F)F,0,298.15
"poly(3,3,3-trifluoroprop-1-ene)",*CC(*)C(F)(F)F,0,298.15
"poly(3,3,4,4,4-pentafluorobut-1-ene)",*CC(*)C(F)(F)C(F)(F)F,0,298.15
poly[1-(heptafluoropropyl)ethylene],*CC(*)C(F)(F)C(F)(F)C(F)(F)F,0,298.15
poly(vinyl bromide),*CC(*)Br,0,298.15
poly(tetrafluoroallene),*C(=C(F)F)C(*)(F)F,0,298.15
poly(chlorotrifluoroethylene-alt-ethylene),*CCC(F)(F)C(*)(F)Cl,0,298.15
poly-tetrafluoroethylene-alt-ethylene,*CCC(F)(F)C(*)(F)F,0,298.15
poly(vinylidene bromide),*CC(*)(Br)Br,0,298.15
poly-hexafluoroisobutylene-alt-vinylidene fluoride,*CC(F)(F)CC(*)(C(F)(F)F)C(F)(F)F,0,298.15
"poly(4,4,4-trifluoro-1-butene)",*CC(*)CC(F)(F)F,0,298.15
polycyclodecene,*CCCCCCCCC(Cl)C(*)Cl,0,298.15
polycyclododecene,*CCCCCCCCCCC(Cl)C(*)Cl,0,298.15
polycyclopentene,*CCCC(Cl)C(*)Cl,0,298.15
"poly(5,5,5-trifluoro-1-pentene)",*CC(*)CCC(F)(F)F,0,298.15
"1,4-poly(1,1,2-trifluoro-3-chloro-1,3-butadiene)",*CC(F)(F)/C(F)=C(/*)Cl,0,298.15
"1,4-poly(1,1,2-trifluoro-1,3-butadiene)",*/C=C(\F)C(F)(F)C*,0,298.15
"octafluoro-1-methyl-1,4-poly-1,3-butadiene",*/C(F)=C(\F)C(F)(C(*)(F)F)C(F)(F)F,0,298.15
"poly(1,2-dichloro-1,2-difluoroethylene)",*C(*)(F)Cl,0,298.15
poly(tetradecafluorohept-1-ene),*C(F)(F)C(*)(F)C(F)(F)C(F)(F)C(F)(F)C(F)(F)C(F)(F)F,0,298.15
poly(4-iodobut-1-ene),*CC(*)CCI,0,298.15
poly(11-iodoundec-1-ene),*CC(*)CCCCCCCCCI,0,298.15
poly(5-iodopent-1-ene),*CC(*)CCCI,0,298.15
"poly[(5-chloro-1,2,2,3,4,4,5,6,6-nonafluorocyclohexane-1,3-diyl)(difluoromethylene)]",*C(F)(F)C1(F)C(F)(F)C(*)(F)C(F)(F)C(F)(Cl)C1(F)F,0,298.15
"poly[(1,2,2,3,4,4-hexafluorocyclobutane-1,3-diyl)(difluoromethylene)]",*C(F)(F)C1(F)C(F)(F)C(*)(F)C1(F)F,0,298.15
"poly[(1,2,2,3,4,4,5,5,6,6-decafluorocyclohexane-1,3-diyl)(difluoromethylene)]",*C(F)(F)C1(F)C(F)(F)C(*)(F)C(F)(F)C(F)(F)C1(F)F,0,298.15
"poly[(1,2,2,3,4,4,5,5-octafluorocyclopentane-1,3-diyl)(difluoromethylene)]",*C(F)(F)C1(F)C(F)(F)C(*)(F)C(F)(F)C1(F)F,0,298.15
poly(hexachlorobutadiene),*/C(Cl)=C(\Cl)C(Cl)(Cl)C(*)(Cl)Cl,0,298.15
polycycloheptene,*CCCCCC(Cl)C(*)Cl,0,298.15
poly(4-trifluoromethyl-1-pentene),*CC(*)CC(C)C(F)(F)F,0,298.15
"1,4-poly(5,5,5-trifluoro-4-trifluoromethyl-1,3-pentadiene)",*/C=C/C(C*)(C(F)(F)F)C(F)(F)F,0,298.15
trans-polyisoprene,*CC/C=C(/*)C,0,298.15
"cis-1,4-polyisoprene",*CC/C=C(/*)C,0,298.15
"trans-1,4-poly-1,3-pentadiene",*/C=C/C(C)C*,0,298.15
"cis-1,4-poly-1,3-pentadiene",*/C=C/C(C)C*,0,298.15
"trans-1,4-poly-1,3-hexadiene",*/C=C/C(C*)CC,0,298.15
"trans-1,4-poly-1,3-heptadiene",*/C=C/C(C*)CCC,0,298.15
"poly(cyclohexa-1,3-diene)",*C1C=CC(*)CC1,0,298.15
trans-polychloroprene,*CC/C=C(/*)Cl,0,298.15
"cis-1,4-polychloroprene",*CC/C=C(/*)Cl,0,298.15
polyallene,*CC(*)=C,0,298.15
"1,2-polybuta-1,3-diene",*CC(*)C=C,0,298.15
"trans-1,2-poly-1,3-pentadiene",*CC(*)/C=C/C,0,298.15
"1,2-poly(4,4-dimethylbutadiene)",*CC(*)C=C(C)C,0,298.15
"1,4-poly(2-decyl-1,3-butadiene)",*CC/C=C(/*)CCCCCCCCCC,0,298.15
"1,4-poly(2-tert-butyl-1,3-butadiene)",*CC/C=C(/*)C(C)(C)C,0,298.15
polyisoprene,*CC/C=C(/*)C,0,298.15
"2,5-poly-2,4-hexadiene",*/C=C/C(C)C(*)C,0,298.15
"trans-2,5-poly-2,5-dimethyl-2,4-hexadiene",*/C=C/C(C)(C)C(*)(C)C,0,298.15
"2,5-poly-butyl-2,4-hexadienoate",*/C=C/C(C)C(*)C(=O)OCCCC,0,298.15
"trans-1,4-poly(2-methyl-1,3-pentadiene)",*CC(C)/C=C(/*)C,0,298.15
"1,6-poly-1,3,5-hexatriene",*/C=C/C=C/CC*,0,298.15
"poly(cyclopenta-1,3-diene)",*C1C=CC(*)C1,0,298.15
poly(methyl vinyl ketone),*CC(*)C(C)=O,0,298.15
poly(2-methoxyethyl acrylate),*CC(*)C(=O)OCCOC,0,298.15
